U (V),I (A),T_0 (K),R (Ohm),rho (m^-1),T (K),epsilon
1.024e+01,5.290e+00,1.998e+03,1.936e+00,6.472e-07,2.244e+03,6.048e+03
1.079e+01,5.450e+00,2.035e+03,1.980e+00,6.619e-07,2.290e+03,7.036e+03
1.134e+01,5.600e+00,2.068e+03,2.025e+00,6.770e-07,2.337e+03,8.166e+03
1.229e+01,5.860e+00,2.122e+03,2.097e+00,7.012e-07,2.413e+03,1.024e+04
1.333e+01,6.120e+00,2.179e+03,2.178e+00,7.282e-07,2.497e+03,1.297e+04
1.443e+01,6.400e+00,2.232e+03,2.255e+00,7.538e-07,2.577e+03,1.600e+04
1.522e+01,6.610e+00,2.275e+03,2.303e+00,7.698e-07,2.627e+03,1.813e+04
1.624e+01,6.820e+00,2.315e+03,2.381e+00,7.961e-07,2.710e+03,2.203e+04
1.722e+01,7.050e+00,2.360e+03,2.443e+00,8.166e-07,2.774e+03,2.544e+04
1.823e+01,7.270e+00,2.406e+03,2.508e+00,8.383e-07,2.842e+03,2.943e+04
